"id","name","image_url","description","available","price"
"4","Iphone 12 128GB Inter","uploads/12.png","iPhone 12 hadir dengan layar Super Retina XDR 6,1 inci yang menakjubkan dan didukung oleh chip A14 Bionic yang kuat. Dengan desain premium, dukungan 5G, dan teknologi Ceramic Shield, smartphone ini menawarkan performa dan ketahanan yang luar biasa. kondisi layak pakai dengan minus pemakaian wajar","2","3500000.00"
"5","Iphone XR 64 GB Ibox","uploads/xr.jpeg","iPhone XR memiliki layar Liquid Retina HD 6,1 inci dengan resolusi 1792 x 828 piksel dan didukung oleh chip A12 Bionic. Dikenal dengan desain premium dan varian warna yang menarik, smartphone ini menawarkan kamera 12 MP yang andal dan daya tahan baterai yang lama.","2","2900000.00"
"6","Iphone 13 128GB Inter (murni)","uploads/13.png","iPhone 13 menawarkan layar yang lebih cerah, masa pakai baterai yang lebih lama, dan kamera yang kuat, menjadikannya pilihan terbaik dengan harga yang lebih terjangkau. Dengan desain premium dan performa solid, iPhone 13 tetap relevan di tahun 2025, cocok untuk banyak pengguna.","4","5600000.00"
"7","Iphone SE Gen3","uploads/iPhone_SE_3rd_Gen_-_RED-_Overlap_Trans-cropped.webp","iPhone SE generasi ke-3, yang dirilis pada tahun 2022, memiliki layar Retina HD 4,7 inci dan ditenagai oleh chip A15 Bionic, menawarkan performa yang cepat. Dengan pilihan penyimpanan 64GB, 128GB, dan 256GB, serta dukungan untuk jaringan 5G, iPhone SE 3 adalah pilihan menarik bagi pengguna yang menginginkan smartphone kompak dengan teknologi terbaru.","0","3100000.00"
"8","Iphone XS 256 GB Inter","uploads/xs.png","iPhone XS adalah smartphone premium yang dirilis pada tahun 2018. Dengan layar Super Retina OLED 5,8 inci, chip A12 Bionic, dan kamera belakang ganda 12 MP, iPhone XS menawarkan performa yang cepat dan kualitas foto yang luar biasa. Desainnya yang elegan dengan bodi kaca dan stainless steel memberikan kesan premium. Dikenal dengan kemampuan tahan air dan debu (IP68), iPhone XS juga mendukung pengisian nirkabel dan Face ID untuk keamanan.","3","1950000.00"
"12","iPhone 14 Pro 256GB Ibox","uploads/14 pro.png","iPhone 14 Pro, dirilis pada September 2022, memiliki layar Super Retina XDR 6,1 inci dan chip A16 Bionic. Fitur unggulannya termasuk Dynamic Island, Always-On display, dan sistem kamera belakang 48 MP yang mendukung fotografi malam dan perekaman video ProRes. Desainnya yang premium dengan bodi stainless steel dan tahan air (IP68) menjadikannya pilihan ideal bagi pengguna yang menginginkan performa dan kualitas tinggi.","3","8900000.00"
"16","Iphone 12 PRO 128GB","uploads/12pro.jpeg","Ini adalah Iphone 12 pro, mempunyai kemampuan foto dan video lebih baik dibandingkan dengan seri Iphone 12 biasa","2","5500000.00"
"17","Iphone 15 256GB","uploads/ip 15.jpg","Merupakan seri iphone yang sangat worth it di harganya. Mengapa demikian? Karena tipe ini menggunakan chipset yang bagus dan identik dengan chipset iphone 14pro","3","9400000.00"
"18","Iphone 13 128GB Inter (simlock)","uploads/13.png","iPhone 13 menawarkan layar yang lebih cerah, masa pakai baterai yang lebih lama, dan kamera yang kuat, menjadikannya pilihan terbaik dengan harga yang lebih terjangkau. Dengan desain premium dan performa solid, iPhone 13 tetap relevan di tahun 2025, cocok untuk banyak pengguna.","2","4500000.00"
